Date,Created At,Category,Tags,Text,Lessons Learned,Follow-ups
2026-07-15,2026-07-15T17:43:00.072008+00:00,observation,execution issue,test note,,
2026-07-15,2026-07-15T17:51:20.719131+00:00,observation,test-tag,phase18 test note,,
2026-07-15,2026-07-15T18:01:02.226862+00:00,observation,test-tag,phase18 test note,,
2026-07-15,2026-07-15T18:06:16.446731+00:00,observation,test-tag,phase18 test note,,
2026-07-15,2026-07-15T18:06:35.594789+00:00,observation,test-tag,phase18 test note,,
2026-07-16,2026-07-16T10:03:12.750260+00:00,observation,test-tag,phase18 test note,,
2026-07-16,2026-07-16T12:09:05.554494+00:00,observation,test-tag,phase18 test note,,
2026-07-16,2026-07-16T12:09:17.057525+00:00,observation,test-tag,phase18 test note,,
2026-07-16,2026-07-16T16:05:10.765363+00:00,observation,test-tag,phase18 test note,,
2026-07-16,2026-07-16T16:05:31.137000+00:00,observation,test-tag,phase18 test note,,
2026-07-16,2026-07-16T16:05:53.384091+00:00,observation,test-tag,phase18 test note,,
