# Phase 6.5 Meta-Learning export,2026-07-14T15:48:46Z,hash:dd113f6003aadfd8,meta-learning-1.0,no_lookahead:PASS,RESEARCH ONLY

## table: strategy_health,rows: 4
best_regime,dominant_failure_reason,evidence,expectancy_rs,max_drawdown_rs,net_pnl,oos_trades,profit_factor,recommended_action,status,strategy,win_rate,windows,worst_regime
"{""regime"": ""Neutral-Bullish"", ""expectancy_rs"": 9.47, ""trades"": 32}",,STRONG,1.71,77.36,205.11,120,1.34,RESTRICT BY REGIME,POSITIVE,Mean Reversion,60.8,3,"{""regime"": ""Neutral-Bearish"", ""expectancy_rs"": -2.34, ""trades"": 33}"
,INSUFFICIENT_EVIDENCE,INSUFFICIENT,2.62,0.0,2.62,1,,REQUIRE MORE DATA,FAILING,EMA Cross,100.0,1,
"{""regime"": ""Bullish"", ""expectancy_rs"": 9.27, ""trades"": 15}",NEGATIVE_GROSS_EDGE,MODERATE,-5.89,338.85,-270.85,46,0.69,REJECT,FAILING,Trend Rider,32.6,3,"{""regime"": ""Neutral-Bullish"", ""expectancy_rs"": -23.29, ""trades"": 15}"
"{""regime"": ""Neutral-Bullish"", ""expectancy_rs"": 7.21, ""trades"": 15}",NEGATIVE_GROSS_EDGE,MODERATE,-8.41,708.06,-580.36,69,0.52,REJECT,FAILING,MACD Cross,23.2,4,"{""regime"": ""Bullish"", ""expectancy_rs"": -26.59, ""trades"": 13}"

## table: failure_attribution,rows: 4
affected_holding_periods,affected_regimes,affected_sectors,calibration_error,confidence_band_performance,costs_caused_failure,evidence,expectancy_rs,failure_breadth,gross_pnl,is_failure,max_drawdown_rs,negative_gross_edge,net_pnl,primary_detail,primary_reason,profit_factor,robustness_passed,robustness_total,sample_size,secondary_reasons,strategy,top_losing_conditions,top_profitable_conditions,total_costs,win_rate
"[{""band"": ""0-2d"", ""expectancy_rs"": -12.27, ""trades"": 15}, {""band"": ""3-5d"", ""expectancy_rs"": -22.34, ""trades"": 16}, {""band"": ""6-10d"", ""expectancy_rs"": -15.28, ""trades"": 19}]","[{""value"": ""Bearish"", ""expectancy_rs"": -16.52, ""trades"": 13}, {""value"": ""Bullish"", ""expectancy_rs"": -26.59, ""trades"": 13}, {""value"": ""Neutral-Bearish"", ""expectancy_rs"": -4.57, ""trades"": 28}]","[{""value"": ""BANKING"", ""expectancy_rs"": -8.71, ""trades"": 36}, {""value"": ""ENERGY"", ""expectancy_rs"": -0.7, ""trades"": 18}, {""value"": ""FINANCE"", ""expectancy_rs"": -11.38, ""trades"": 8}, {""value"": ""FMCG"", ""expectancy_rs"": -31.61, ""trades"": 3}]",0.429,"[{""band"": ""55-64"", ""trades"": 22, ""expectancy_rs"": -15.31, ""win_rate"": 18.2, ""net_pnl"": -336.75, ""profit_factor"": 0.12, ""windows"": 3, ""evidence"": ""LOW""}, {""band"": ""65-74"", ""trades"": 43, ""expectancy_rs"": -3.93, ""win_rate"": 27.9, ""net_pnl"": -168.92, ""profit_factor"": 0.77, ""windows"": 3, ""evidence"": ""MODERATE""}, {""band"": ""75-84"", ""trades"": 1, ""expectancy_rs"": -31.82, ""win_rate"": 0.0, ""net_pnl"": -31.82, ""profit_factor"": 0.0, ""windows"": 1, ""evidence"": ""INSUFFICIENT""}, {""band"": ""<55"", ""trades"": 3, ""expectancy_rs"": -14.29, ""win_rate"": 0.0, ""net_pnl"": -42.87, ""profit_factor"": 0.0, ""windows"": 2, ""evidence"": ""INSUFFICIENT""}]",False,MODERATE,-8.41,BROAD,-391.07,True,708.06,True,-580.36,Gross P&L ₹-391.07 ≤ 0 before costs — entries/exits lack edge.,NEGATIVE_GROSS_EDGE,0.52,5,9,69,"[{""code"": ""REGIME_MISMATCH"", ""detail"": ""Positive expectancy in Neutral-Bullish but negative in Bearish, Bullish, Neutral-Bearish \u2014 associated with regime, not universal.""}, {""code"": ""POOR_ENTRY_FILTER"", ""detail"": ""Losing trades averaged +2.04% open profit before ending negative \u2014 associated with exit timing/entry quality.""}, {""code"": ""OVERCONFIDENT"", ""detail"": ""Average calibrated probability differs from realized win rate by 0.429 (>0.15).""}, {""code"": ""EXCESSIVE_DRAWDOWN"", ""detail"": ""P&L-curve drawdown \u20b9708.06 exceeds 50% of average position size.""}, {""code"": ""UNSTABLE_ACROSS_WINDOWS"", ""detail"": ""Only 1/4 walk-forward windows positive.""}]",MACD Cross,"[{""dimension"": ""gap_band"", ""dimension_label"": ""Opening gap"", ""condition"": ""-0.5%..0.5%"", ""trades_with"": 53, ""trades_without"": 16, ""expectancy_with"": -19.91, ""expectancy_without"": 29.68, ""uplift_rs"": -49.59, ""win_rate_with"": 13.2, ""profit_factor_with"": 0.06, ""windows_with"": 4, ""evidence"": ""MODERATE"", ""baseline_expectancy"": -8.41, ""wording"": ""associated with""}, {""dimension"": ""exit_reason"", ""dimension_label"": ""Exit reason"", ""condition"": ""Stop-Loss Hit"", ""trades_with"": 19, ""trades_without"": 50, ""expectancy_with"": -31.59, ""expectancy_without"": 0.4, ""uplift_rs"": -31.99, ""win_rate_with"": 0.0, ""profit_factor_with"": 0.0, ""windows_with"": 3, ""evidence"": ""VERY LOW"", ""baseline_expectancy"": -8.41, ""wording"": ""associated with""}, {""dimension"": ""month"", ""dimension_label"": ""Time period (month)"", ""condition"": ""2022-11"", ""trades_with"": 9, ""trades_without"": 60, ""expectancy_with"": -28.79, ""expectancy_without"": -5.35, ""uplift_rs"": -23.44, ""win_rate_with"": 0.0, ""profit_factor_with"": 0.0, ""windows_with"": 1, ""evidence"": ""INSUFFICIENT"", ""baseline_expectancy"": -8.41, ""wording"": ""associated with""}, {""dimension"": ""market_regime"", ""dimension_label"": ""Market regime"", ""condition"": ""Bullish"", ""trades_with"": 13, ""trades_without"": 56, ""expectancy_with"": -26.59, ""expectancy_without"": -4.19, ""uplift_rs"": -22.4, ""win_rate_with"": 0.0, ""profit_factor_with"": 0.0, ""windows_with"": 2, ""evidence"": ""VERY LOW"", ""baseline_expectancy"": -8.41, ""wording"": ""associated with""}, {""dimension"": ""holding_band"", ""dimension_label"": ""Holding period"", ""condition"": ""3-5d"", ""trades_with"": 16, ""trades_without"": 53, ""expectancy_with"": -22.34, ""expectancy_without"": -4.21, ""uplift_rs"": -18.13, ""win_rate_with"": 18.8, ""profit_factor_with"": 0.15, ""windows_with"": 3, ""evidence"": ""VERY LOW"", ""baseline_expectancy"": -8.41, ""wording"": ""associated with""}]","[{""dimension"": ""exit_reason"", ""dimension_label"": ""Exit reason"", ""condition"": ""Target Hit"", ""trades_with"": 6, ""trades_without"": 63, ""expectancy_with"": 82.45, ""expectancy_without"": -17.06, ""uplift_rs"": 99.51, ""win_rate_with"": 100.0, ""profit_factor_with"": null, ""windows_with"": 1, ""evidence"": ""INSUFFICIENT"", ""baseline_expectancy"": -8.41, ""wording"": ""associated with""}, {""dimension"": ""month"", ""dimension_label"": ""Time period (month)"", ""condition"": ""2022-10"", ""trades_with"": 6, ""trades_without"": 63, ""expectancy_with"": 82.45, ""expectancy_without"": -17.06, ""uplift_rs"": 99.51, ""win_rate_with"": 100.0, ""profit_factor_with"": null, ""windows_with"": 1, ""evidence"": ""INSUFFICIENT"", ""baseline_expectancy"": -8.41, ""wording"": ""associated with""}, {""dimension"": ""gap_band"", ""dimension_label"": ""Opening gap"", ""condition"": ""0.5%..2%"", ""trades_with"": 9, ""trades_without"": 60, ""expectancy_with"": 48.7, ""expectancy_without"": -16.98, ""uplift_rs"": 65.68, ""win_rate_with"": 66.7, ""profit_factor_with"": 8.77, ""windows_with"": 1, ""evidence"": ""INSUFFICIENT"", ""baseline_expectancy"": -8.41, ""wording"": ""associated with""}, {""dimension"": ""holding_band"", ""dimension_label"": ""Holding period"", ""condition"": ""11-20d"", ""trades_with"": 19, ""trades_without"": 50, ""expectancy_with"": 13.23, ""expectancy_without"": -16.64, ""uplift_rs"": 29.87, ""win_rate_with"": 36.8, ""profit_factor_with"": 1.96, ""windows_with"": 4, ""evidence"": ""VERY LOW"", ""baseline_expectancy"": -8.41, ""wording"": ""associated with""}, {""dimension"": ""exit_reason"", ""dimension_label"": ""Exit reason"", ""condition"": ""End-of-Test Forced Close"", ""trades_with"": 9, ""trades_without"": 60, ""expectancy_with"": 12.18, ""expectancy_without"": -11.5, ""uplift_rs"": 23.68, ""win_rate_with"": 100.0, ""profit_factor_with"": null, ""windows_with"": 2, ""evidence"": ""INSUFFICIENT"", ""baseline_expectancy"": -8.41, ""wording"": ""associated with""}]",189.27,23.2
"[{""band"": ""0-2d"", ""expectancy_rs"": -25.43, ""trades"": 10}, {""band"": ""3-5d"", ""expectancy_rs"": -20.98, ""trades"": 4}, {""band"": ""6-10d"", ""expectancy_rs"": -0.23, ""trades"": 10}]","[{""value"": ""Neutral-Bearish"", ""expectancy_rs"": -22.57, ""trades"": 4}, {""value"": ""Neutral-Bullish"", ""expectancy_rs"": -23.29, ""trades"": 15}]","[{""value"": ""ENERGY"", ""expectancy_rs"": -4.8, ""trades"": 29}, {""value"": ""FINANCE"", ""expectancy_rs"": -12.23, ""trades"": 9}, {""value"": ""INFRA"", ""expectancy_rs"": -17.24, ""trades"": 3}]",0.257,"[{""band"": ""55-64"", ""trades"": 22, ""expectancy_rs"": 3.81, ""win_rate"": 40.9, ""net_pnl"": 83.87, ""profit_factor"": 1.24, ""windows"": 3, ""evidence"": ""LOW""}, {""band"": ""65-74"", ""trades"": 7, ""expectancy_rs"": -22.62, ""win_rate"": 14.3, ""net_pnl"": -158.33, ""profit_factor"": 0.23, ""windows"": 3, ""evidence"": ""INSUFFICIENT""}, {""band"": ""75-84"", ""trades"": 3, ""expectancy_rs"": -11.83, ""win_rate"": 33.3, ""net_pnl"": -35.5, ""profit_factor"": 0.2, ""windows"": 2, ""evidence"": ""INSUFFICIENT""}, {""band"": ""<55"", ""trades"": 14, ""expectancy_rs"": -11.49, ""win_rate"": 28.6, ""net_pnl"": -160.89, ""profit_factor"": 0.39, ""windows"": 2, ""evidence"": ""VERY LOW""}]",False,MODERATE,-5.89,CONCENTRATED,-161.97,True,338.85,True,-270.85,Gross P&L ₹-161.97 ≤ 0 before costs — entries/exits lack edge.,NEGATIVE_GROSS_EDGE,0.69,7,9,46,"[{""code"": ""REGIME_MISMATCH"", ""detail"": ""Positive expectancy in Bearish, Bullish but negative in Neutral-Bullish \u2014 associated with regime, not universal.""}, {""code"": ""OVERCONFIDENT"", ""detail"": ""Average calibrated probability differs from realized win rate by 0.257 (>0.15).""}, {""code"": ""EXCESSIVE_DRAWDOWN"", ""detail"": ""P&L-curve drawdown \u20b9338.85 exceeds 50% of average position size.""}]",Trend Rider,"[{""dimension"": ""exit_reason"", ""dimension_label"": ""Exit reason"", ""condition"": ""Stop-Loss Hit"", ""trades_with"": 19, ""trades_without"": 27, ""expectancy_with"": -33.2, ""expectancy_without"": 13.33, ""uplift_rs"": -46.53, ""win_rate_with"": 0.0, ""profit_factor_with"": 0.0, ""windows_with"": 3, ""evidence"": ""VERY LOW"", ""baseline_expectancy"": -5.89, ""wording"": ""associated with""}, {""dimension"": ""month"", ""dimension_label"": ""Time period (month)"", ""condition"": ""2024-10"", ""trades_with"": 11, ""trades_without"": 35, ""expectancy_with"": -25.92, ""expectancy_without"": 0.41, ""uplift_rs"": -26.33, ""win_rate_with"": 9.1, ""profit_factor_with"": 0.12, ""windows_with"": 1, ""evidence"": ""VERY LOW"", ""baseline_expectancy"": -5.89, ""wording"": ""associated with""}, {""dimension"": ""market_regime"", ""dimension_label"": ""Market regime"", ""condition"": ""Neutral-Bullish"", ""trades_with"": 15, ""trades_without"": 31, ""expectancy_with"": -23.29, ""expectancy_without"": 2.53, ""uplift_rs"": -25.82, ""win_rate_with"": 13.3, ""profit_factor_with"": 0.04, ""windows_with"": 3, ""evidence"": ""VERY LOW"", ""baseline_expectancy"": -5.89, ""wording"": ""associated with""}, {""dimension"": ""holding_band"", ""dimension_label"": ""Holding period"", ""condition"": ""0-2d"", ""trades_with"": 10, ""trades_without"": 36, ""expectancy_with"": -25.43, ""expectancy_without"": -0.46, ""uplift_rs"": -24.97, ""win_rate_with"": 0.0, ""profit_factor_with"": 0.0, ""windows_with"": 3, ""evidence"": ""VERY LOW"", ""baseline_expectancy"": -5.89, ""wording"": ""associated with""}, {""dimension"": ""confidence_band"", ""dimension_label"": ""Confidence band"", ""condition"": ""65-74"", ""trades_with"": 7, ""trades_without"": 39, ""expectancy_with"": -22.62, ""expectancy_without"": -2.89, ""uplift_rs"": -19.73, ""win_rate_with"": 14.3, ""profit_factor_with"": 0.23, ""windows_with"": 3, ""evidence"": ""INSUFFICIENT"", ""baseline_expectancy"": -5.89, ""wording"": ""associated with""}]","[{""dimension"": ""exit_reason"", ""dimension_label"": ""Exit reason"", ""condition"": ""Time Exit"", ""trades_with"": 13, ""trades_without"": 33, ""expectancy_with"": 23.6, ""expectancy_without"": -17.51, ""uplift_rs"": 41.11, ""win_rate_with"": 76.9, ""profit_factor_with"": 6.93, ""windows_with"": 3, ""evidence"": ""VERY LOW"", ""baseline_expectancy"": -5.89, ""wording"": ""associated with""}, {""dimension"": ""month"", ""dimension_label"": ""Time period (month)"", ""condition"": ""2024-07"", ""trades_with"": 6, ""trades_without"": 40, ""expectancy_with"": 23.34, ""expectancy_without"": -10.27, ""uplift_rs"": 33.61, ""win_rate_with"": 66.7, ""profit_factor_with"": 3.84, ""windows_with"": 1, ""evidence"": ""INSUFFICIENT"", ""baseline_expectancy"": -5.89, ""wording"": ""associated with""}, {""dimension"": ""market_regime"", ""dimension_label"": ""Market regime"", ""condition"": ""Bullish"", ""trades_with"": 15, ""trades_without"": 31, ""expectancy_with"": 9.27, ""expectancy_without"": -13.22, ""uplift_rs"": 22.49, ""win_rate_with"": 46.7, ""profit_factor_with"": 1.72, ""windows_with"": 2, ""evidence"": ""VERY LOW"", ""baseline_expectancy"": -5.89, ""wording"": ""associated with""}, {""dimension"": ""confidence_band"", ""dimension_label"": ""Confidence band"", ""condition"": ""55-64"", ""trades_with"": 22, ""trades_without"": 24, ""expectancy_with"": 3.81, ""expectancy_without"": -14.78, ""uplift_rs"": 18.59, ""win_rate_with"": 40.9, ""profit_factor_with"": 1.24, ""windows_with"": 3, ""evidence"": ""LOW"", ""baseline_expectancy"": -5.89, ""wording"": ""associated with""}, {""dimension"": ""symbol"", ""dimension_label"": ""Stock"", ""condition"": ""COALINDIA"", ""trades_with"": 7, ""trades_without"": 39, ""expectancy_with"": 9.49, ""expectancy_without"": -8.65, ""uplift_rs"": 18.14, ""win_rate_with"": 42.9, ""profit_factor_with"": 1.83, ""windows_with"": 2, ""evidence"": ""INSUFFICIENT"", ""baseline_expectancy"": -5.89, ""wording"": ""associated with""}]",108.85,32.6
[],[],[],,"[{""band"": ""55-64"", ""trades"": 1, ""expectancy_rs"": 2.62, ""win_rate"": 100.0, ""net_pnl"": 2.62, ""profit_factor"": null, ""windows"": 1, ""evidence"": ""INSUFFICIENT""}]",False,INSUFFICIENT,2.62,NOT APPLICABLE,4.12,True,0.0,False,2.62,Only 1 OOS trades — no reliable conclusions.,INSUFFICIENT_EVIDENCE,,2,8,1,[],EMA Cross,[],[],1.5,100.0
"[{""band"": ""3-5d"", ""expectancy_rs"": -6.62, ""trades"": 16}]","[{""value"": ""Bullish"", ""expectancy_rs"": -1.74, ""trades"": 33}, {""value"": ""Neutral-Bearish"", ""expectancy_rs"": -2.34, ""trades"": 33}]",[],0.193,"[{""band"": ""55-64"", ""trades"": 7, ""expectancy_rs"": 18.59, ""win_rate"": 85.7, ""net_pnl"": 130.14, ""profit_factor"": 8.93, ""windows"": 2, ""evidence"": ""INSUFFICIENT""}, {""band"": ""75-84"", ""trades"": 111, ""expectancy_rs"": 0.61, ""win_rate"": 59.5, ""net_pnl"": 67.67, ""profit_factor"": 1.12, ""windows"": 2, ""evidence"": ""STRONG""}, {""band"": ""<55"", ""trades"": 2, ""expectancy_rs"": 3.65, ""win_rate"": 50.0, ""net_pnl"": 7.3, ""profit_factor"": 1.62, ""windows"": 2, ""evidence"": ""INSUFFICIENT""}]",False,STRONG,1.71,NOT APPLICABLE,615.23,False,77.36,False,205.11,"Positive expectancy in Bearish, Neutral-Bullish but negative in Bullish, Neutral-Bearish — associated with regime, not universal.",REGIME_MISMATCH,1.34,7,9,120,"[{""code"": ""OVERCONFIDENT"", ""detail"": ""Average calibrated probability differs from realized win rate by 0.193 (>0.15).""}, {""code"": ""STOCK_CONCENTRATION"", ""detail"": ""'HCLTECH' contributes 79.6% of winning P&L.""}, {""code"": ""SECTOR_CONCENTRATION"", ""detail"": ""'IT' contributes 79.6% of winning P&L.""}]",Mean Reversion,"[{""dimension"": ""exit_reason"", ""dimension_label"": ""Exit reason"", ""condition"": ""Stop-Loss Hit"", ""trades_with"": 14, ""trades_without"": 106, ""expectancy_with"": -26.14, ""expectancy_without"": 5.39, ""uplift_rs"": -31.53, ""win_rate_with"": 0.0, ""profit_factor_with"": 0.0, ""windows_with"": 3, ""evidence"": ""VERY LOW"", ""baseline_expectancy"": 1.71, ""wording"": ""associated with""}, {""dimension"": ""gap_band"", ""dimension_label"": ""Opening gap"", ""condition"": ""-2%..-0.5%"", ""trades_with"": 16, ""trades_without"": 104, ""expectancy_with"": -16.04, ""expectancy_without"": 4.44, ""uplift_rs"": -20.48, ""win_rate_with"": 18.8, ""profit_factor_with"": 0.07, ""windows_with"": 2, ""evidence"": ""VERY LOW"", ""baseline_expectancy"": 1.71, ""wording"": ""associated with""}, {""dimension"": ""month"", ""dimension_label"": ""Time period (month)"", ""condition"": ""2022-12"", ""trades_with"": 9, ""trades_without"": 111, ""expectancy_with"": -13.6, ""expectancy_without"": 2.95, ""uplift_rs"": -16.55, ""win_rate_with"": 33.3, ""profit_factor_with"": 0.11, ""windows_with"": 1, ""evidence"": ""INSUFFICIENT"", ""baseline_expectancy"": 1.71, ""wording"": ""associated with""}, {""dimension"": ""holding_band"", ""dimension_label"": ""Holding period"", ""condition"": ""3-5d"", ""trades_with"": 16, ""trades_without"": 104, ""expectancy_with"": -6.62, ""expectancy_without"": 2.99, ""uplift_rs"": -9.61, ""win_rate_with"": 56.2, ""profit_factor_with"": 0.46, ""windows_with"": 1, ""evidence"": ""VERY LOW"", ""baseline_expectancy"": 1.71, ""wording"": ""associated with""}, {""dimension"": ""month"", ""dimension_label"": ""Time period (month)"", ""condition"": ""2023-03"", ""trades_with"": 18, ""trades_without"": 102, ""expectancy_with"": -3.79, ""expectancy_without"": 2.68, ""uplift_rs"": -6.47, ""win_rate_with"": 50.0, ""profit_factor_with"": 0.57, ""windows_with"": 1, ""evidence"": ""VERY LOW"", ""baseline_expectancy"": 1.71, ""wording"": ""associated with""}]","[{""dimension"": ""exit_reason"", ""dimension_label"": ""Exit reason"", ""condition"": ""Target Hit"", ""trades_with"": 6, ""trades_without"": 114, ""expectancy_with"": 31.41, ""expectancy_without"": 0.15, ""uplift_rs"": 31.26, ""win_rate_with"": 100.0, ""profit_factor_with"": null, ""windows_with"": 1, ""evidence"": ""INSUFFICIENT"", ""baseline_expectancy"": 1.71, ""wording"": ""associated with""}, {""dimension"": ""symbol"", ""dimension_label"": ""Stock"", ""condition"": ""COALINDIA"", ""trades_with"": 6, ""trades_without"": 114, ""expectancy_with"": 24.43, ""expectancy_without"": 0.51, ""uplift_rs"": 23.92, ""win_rate_with"": 100.0, ""profit_factor_with"": null, ""windows_with"": 1, ""evidence"": ""INSUFFICIENT"", ""baseline_expectancy"": 1.71, ""wording"": ""associated with""}, {""dimension"": ""confidence_band"", ""dimension_label"": ""Confidence band"", ""condition"": ""55-64"", ""trades_with"": 7, ""trades_without"": 113, ""expectancy_with"": 18.59, ""expectancy_without"": 0.66, ""uplift_rs"": 17.93, ""win_rate_with"": 85.7, ""profit_factor_with"": 8.93, ""windows_with"": 2, ""evidence"": ""INSUFFICIENT"", ""baseline_expectancy"": 1.71, ""wording"": ""associated with""}, {""dimension"": ""holding_band"", ""dimension_label"": ""Holding period"", ""condition"": ""6-10d"", ""trades_with"": 10, ""trades_without"": 110, ""expectancy_with"": 15.36, ""expectancy_without"": 0.47, ""uplift_rs"": 14.89, ""win_rate_with"": 100.0, ""profit_factor_with"": null, ""windows_with"": 3, ""evidence"": ""VERY LOW"", ""baseline_expectancy"": 1.71, ""wording"": ""associated with""}, {""dimension"": ""sector"", ""dimension_label"": ""Sector"", ""condition"": ""ENERGY"", ""trades_with"": 9, ""trades_without"": 111, ""expectancy_with"": 15.27, ""expectancy_without"": 0.61, ""uplift_rs"": 14.66, ""win_rate_with"": 77.8, ""profit_factor_with"": 5.88, ""windows_with"": 2, ""evidence"": ""INSUFFICIENT"", ""baseline_expectancy"": 1.71, ""wording"": ""associated with""}]",410.12,60.8

## table: regime_eligibility,rows: 4
cells,strategy
"{""Bullish"": {""state"": ""insufficient evidence"", ""trades"": 0, ""expectancy_rs"": null, ""profit_factor"": null}, ""Bearish"": {""state"": ""insufficient evidence"", ""trades"": 0, ""expectancy_rs"": null, ""profit_factor"": null}, ""Neutral-Bullish"": {""state"": ""insufficient evidence"", ""trades"": 0, ""expectancy_rs"": null, ""profit_factor"": null}, ""Neutral-Bearish"": {""state"": ""insufficient evidence"", ""trades"": 1, ""expectancy_rs"": 2.62, ""profit_factor"": null}, ""Sideways"": {""state"": ""insufficient evidence"", ""trades"": 0, ""expectancy_rs"": null, ""profit_factor"": null}, ""High Volatility"": {""state"": ""insufficient evidence"", ""trades"": 0, ""expectancy_rs"": null, ""profit_factor"": null}, ""Low Volatility"": {""state"": ""insufficient evidence"", ""trades"": 0, ""expectancy_rs"": null, ""profit_factor"": null}}",EMA Cross
"{""Bullish"": {""state"": ""ineligible"", ""trades"": 13, ""expectancy_rs"": -26.59, ""profit_factor"": 0.0}, ""Bearish"": {""state"": ""ineligible"", ""trades"": 13, ""expectancy_rs"": -16.52, ""profit_factor"": 0.11}, ""Neutral-Bullish"": {""state"": ""research-only"", ""trades"": 15, ""expectancy_rs"": 7.21, ""profit_factor"": 1.41}, ""Neutral-Bearish"": {""state"": ""ineligible"", ""trades"": 28, ""expectancy_rs"": -4.57, ""profit_factor"": 0.64}, ""Sideways"": {""state"": ""insufficient evidence"", ""trades"": 0, ""expectancy_rs"": null, ""profit_factor"": null}, ""High Volatility"": {""state"": ""insufficient evidence"", ""trades"": 0, ""expectancy_rs"": null, ""profit_factor"": null}, ""Low Volatility"": {""state"": ""insufficient evidence"", ""trades"": 0, ""expectancy_rs"": null, ""profit_factor"": null}}",MACD Cross
"{""Bullish"": {""state"": ""ineligible"", ""trades"": 33, ""expectancy_rs"": -1.74, ""profit_factor"": 0.56}, ""Bearish"": {""state"": ""research-only"", ""trades"": 22, ""expectancy_rs"": 1.66, ""profit_factor"": 1.33}, ""Neutral-Bullish"": {""state"": ""eligible (research)"", ""trades"": 32, ""expectancy_rs"": 9.47, ""profit_factor"": 2.96}, ""Neutral-Bearish"": {""state"": ""ineligible"", ""trades"": 33, ""expectancy_rs"": -2.34, ""profit_factor"": 0.63}, ""Sideways"": {""state"": ""insufficient evidence"", ""trades"": 0, ""expectancy_rs"": null, ""profit_factor"": null}, ""High Volatility"": {""state"": ""insufficient evidence"", ""trades"": 0, ""expectancy_rs"": null, ""profit_factor"": null}, ""Low Volatility"": {""state"": ""insufficient evidence"", ""trades"": 0, ""expectancy_rs"": null, ""profit_factor"": null}}",Mean Reversion
"{""Bullish"": {""state"": ""research-only"", ""trades"": 15, ""expectancy_rs"": 9.27, ""profit_factor"": 1.72}, ""Bearish"": {""state"": ""research-only"", ""trades"": 12, ""expectancy_rs"": 2.47, ""profit_factor"": 1.14}, ""Neutral-Bullish"": {""state"": ""ineligible"", ""trades"": 15, ""expectancy_rs"": -23.29, ""profit_factor"": 0.04}, ""Neutral-Bearish"": {""state"": ""insufficient evidence"", ""trades"": 4, ""expectancy_rs"": -22.57, ""profit_factor"": 0.09}, ""Sideways"": {""state"": ""insufficient evidence"", ""trades"": 0, ""expectancy_rs"": null, ""profit_factor"": null}, ""High Volatility"": {""state"": ""insufficient evidence"", ""trades"": 0, ""expectancy_rs"": null, ""profit_factor"": null}, ""Low Volatility"": {""state"": ""insufficient evidence"", ""trades"": 0, ""expectancy_rs"": null, ""profit_factor"": null}}",Trend Rider

## table: sector_eligibility,rows: 7
baseline_expectancy,condition,dimension,dimension_label,evidence,expectancy_with,expectancy_without,profit_factor_with,strategy,trades_with,trades_without,uplift_rs,win_rate_with,windows_with,wording
-8.41,ENERGY,sector,Sector,VERY LOW,-0.7,-11.13,0.97,MACD Cross,18,51,10.43,33.3,1,associated with
-8.41,FINANCE,sector,Sector,INSUFFICIENT,-11.38,-8.02,0.17,MACD Cross,8,61,-3.36,12.5,2,associated with
-8.41,BANKING,sector,Sector,MODERATE,-8.71,-8.09,0.43,MACD Cross,36,33,-0.62,25.0,2,associated with
1.71,ENERGY,sector,Sector,INSUFFICIENT,15.27,0.61,5.88,Mean Reversion,9,111,14.66,77.8,2,associated with
1.71,IT,sector,Sector,STRONG,0.61,15.27,1.12,Mean Reversion,111,9,-14.66,59.5,2,associated with
-5.89,FINANCE,sector,Sector,INSUFFICIENT,-12.23,-4.35,0.49,Trend Rider,9,37,-7.88,33.3,2,associated with
-5.89,ENERGY,sector,Sector,LOW,-4.8,-7.74,0.72,Trend Rider,29,17,2.94,31.0,3,associated with

## table: condition_uplift,rows: 87
baseline_expectancy,condition,dimension,dimension_label,evidence,expectancy_with,expectancy_without,profit_factor_with,strategy,trades_with,trades_without,uplift_rs,win_rate_with,windows_with,wording
-8.41,Target Hit,exit_reason,Exit reason,INSUFFICIENT,82.45,-17.06,,MACD Cross,6,63,99.51,100.0,1,associated with
-8.41,2022-10,month,Time period (month),INSUFFICIENT,82.45,-17.06,,MACD Cross,6,63,99.51,100.0,1,associated with
-8.41,0.5%..2%,gap_band,Opening gap,INSUFFICIENT,48.7,-16.98,8.77,MACD Cross,9,60,65.68,66.7,1,associated with
-8.41,-0.5%..0.5%,gap_band,Opening gap,MODERATE,-19.91,29.68,0.06,MACD Cross,53,16,-49.59,13.2,4,associated with
-8.41,Stop-Loss Hit,exit_reason,Exit reason,VERY LOW,-31.59,0.4,0.0,MACD Cross,19,50,-31.99,0.0,3,associated with
-8.41,11-20d,holding_band,Holding period,VERY LOW,13.23,-16.64,1.96,MACD Cross,19,50,29.87,36.8,4,associated with
-8.41,End-of-Test Forced Close,exit_reason,Exit reason,INSUFFICIENT,12.18,-11.5,,MACD Cross,9,60,23.68,100.0,2,associated with
-8.41,2022-11,month,Time period (month),INSUFFICIENT,-28.79,-5.35,0.0,MACD Cross,9,60,-23.44,0.0,1,associated with
-8.41,Bullish,market_regime,Market regime,VERY LOW,-26.59,-4.19,0.0,MACD Cross,13,56,-22.4,0.0,2,associated with
-8.41,Neutral-Bullish,market_regime,Market regime,VERY LOW,7.21,-12.75,1.41,MACD Cross,15,54,19.96,40.0,1,associated with
-8.41,HDFCBANK,symbol,Stock,VERY LOW,7.57,-11.78,1.73,MACD Cross,12,57,19.35,50.0,2,associated with
-8.41,3-5d,holding_band,Holding period,VERY LOW,-22.34,-4.21,0.15,MACD Cross,16,53,-18.13,18.8,3,associated with
-8.41,W1,window,Experiment window,LOW,3.34,-14.68,1.17,MACD Cross,24,45,18.02,37.5,1,associated with
-8.41,Signal Exit,exit_reason,Exit reason,MODERATE,-16.7,0.12,0.03,MACD Cross,35,34,-16.82,2.9,4,associated with
-8.41,W2,window,Experiment window,MODERATE,-14.87,0.49,0.07,MACD Cross,40,29,-15.36,15.0,1,associated with
-8.41,-2%..-0.5%,gap_band,Opening gap,INSUFFICIENT,5.21,-9.95,2.42,MACD Cross,7,62,15.16,42.9,2,associated with
-8.41,2023-01,month,Time period (month),VERY LOW,-20.13,-5.15,0.0,MACD Cross,15,54,-14.98,0.0,1,associated with
-8.41,65-74,confidence_band,Confidence band,MODERATE,-3.93,-15.82,0.77,MACD Cross,43,26,11.89,27.9,3,associated with
-8.41,2023-02,month,Time period (month),VERY LOW,-17.11,-5.99,0.0,MACD Cross,15,54,-11.12,0.0,1,associated with
-8.41,ENERGY,sector,Sector,VERY LOW,-0.7,-11.13,0.97,MACD Cross,18,51,10.43,33.3,1,associated with
-8.41,NTPC,symbol,Stock,VERY LOW,-0.7,-11.13,0.97,MACD Cross,18,51,10.43,33.3,1,associated with
-8.41,2022-12,month,Time period (month),INSUFFICIENT,-17.28,-7.08,0.29,MACD Cross,9,60,-10.2,33.3,1,associated with
-8.41,55-64,confidence_band,Confidence band,LOW,-15.31,-5.18,0.12,MACD Cross,22,47,-10.13,18.2,3,associated with
-8.41,Bearish,market_regime,Market regime,VERY LOW,-16.52,-6.53,0.11,MACD Cross,13,56,-9.99,23.1,2,associated with
-8.41,KOTAKBANK,symbol,Stock,VERY LOW,-16.01,-6.3,0.08,MACD Cross,15,54,-9.71,20.0,1,associated with
-8.41,6-10d,holding_band,Holding period,VERY LOW,-15.28,-5.8,0.06,MACD Cross,19,50,-9.48,15.8,3,associated with
-8.41,2023-03,month,Time period (month),INSUFFICIENT,-2.27,-9.33,0.7,MACD Cross,9,60,7.06,66.7,1,associated with
-8.41,Neutral-Bearish,market_regime,Market regime,LOW,-4.57,-11.03,0.64,MACD Cross,28,41,6.46,25.0,4,associated with
-8.41,SHRIRAMFIN,symbol,Stock,INSUFFICIENT,-13.02,-7.97,0.0,MACD Cross,6,63,-5.05,0.0,1,associated with
-8.41,0-2d,holding_band,Holding period,VERY LOW,-12.27,-7.34,0.13,MACD Cross,15,54,-4.93,20.0,2,associated with
-8.41,SBIN,symbol,Stock,INSUFFICIENT,-12.9,-7.98,0.0,MACD Cross,6,63,-4.92,0.0,1,associated with
-8.41,FINANCE,sector,Sector,INSUFFICIENT,-11.38,-8.02,0.17,MACD Cross,8,61,-3.36,12.5,2,associated with
-8.41,BANKING,sector,Sector,MODERATE,-8.71,-8.09,0.43,MACD Cross,36,33,-0.62,25.0,2,associated with
1.71,Stop-Loss Hit,exit_reason,Exit reason,VERY LOW,-26.14,5.39,0.0,Mean Reversion,14,106,-31.53,0.0,3,associated with
1.71,Target Hit,exit_reason,Exit reason,INSUFFICIENT,31.41,0.15,,Mean Reversion,6,114,31.26,100.0,1,associated with
1.71,COALINDIA,symbol,Stock,INSUFFICIENT,24.43,0.51,,Mean Reversion,6,114,23.92,100.0,1,associated with
1.71,-2%..-0.5%,gap_band,Opening gap,VERY LOW,-16.04,4.44,0.07,Mean Reversion,16,104,-20.48,18.8,2,associated with
1.71,55-64,confidence_band,Confidence band,INSUFFICIENT,18.59,0.66,8.93,Mean Reversion,7,113,17.93,85.7,2,associated with
1.71,2022-12,month,Time period (month),INSUFFICIENT,-13.6,2.95,0.11,Mean Reversion,9,111,-16.55,33.3,1,associated with
1.71,6-10d,holding_band,Holding period,VERY LOW,15.36,0.47,,Mean Reversion,10,110,14.89,100.0,3,associated with
1.71,ENERGY,sector,Sector,INSUFFICIENT,15.27,0.61,5.88,Mean Reversion,9,111,14.66,77.8,2,associated with
1.71,IT,sector,Sector,STRONG,0.61,15.27,1.12,Mean Reversion,111,9,-14.66,59.5,2,associated with
1.71,HCLTECH,symbol,Stock,STRONG,0.61,15.27,1.12,Mean Reversion,111,9,-14.66,59.5,2,associated with
1.71,75-84,confidence_band,Confidence band,STRONG,0.61,15.27,1.12,Mean Reversion,111,9,-14.66,59.5,2,associated with
1.71,Neutral-Bullish,market_regime,Market regime,MODERATE,9.47,-1.11,2.96,Mean Reversion,32,88,10.58,78.1,3,associated with
1.71,3-5d,holding_band,Holding period,VERY LOW,-6.62,2.99,0.46,Mean Reversion,16,104,-9.61,56.2,1,associated with
1.71,End-of-Test Forced Close,exit_reason,Exit reason,INSUFFICIENT,10.02,1.04,,Mean Reversion,9,111,8.98,100.0,2,associated with
1.71,2022-11,month,Time period (month),VERY LOW,8.9,0.44,9.01,Mean Reversion,18,102,8.46,83.3,1,associated with
1.71,0.5%..2%,gap_band,Opening gap,MODERATE,7.74,-0.58,5.46,Mean Reversion,33,87,8.32,72.7,2,associated with
1.71,2023-01,month,Time period (month),MODERATE,7.29,-0.15,5.38,Mean Reversion,30,90,7.44,70.0,1,associated with
1.71,2023-03,month,Time period (month),VERY LOW,-3.79,2.68,0.57,Mean Reversion,18,102,-6.47,50.0,1,associated with
1.71,2023-02,month,Time period (month),VERY LOW,-3.85,2.5,0.54,Mean Reversion,15,105,-6.35,60.0,1,associated with
1.71,Signal Exit,exit_reason,Exit reason,MODERATE,3.21,-3.01,2.22,Mean Reversion,91,29,6.22,63.7,3,associated with
1.71,Neutral-Bearish,market_regime,Market regime,MODERATE,-2.34,3.24,0.63,Mean Reversion,33,87,-5.58,45.5,1,associated with
1.71,Bullish,market_regime,Market regime,MODERATE,-1.74,3.02,0.56,Mean Reversion,33,87,-4.76,54.5,2,associated with
1.71,2022-10,month,Time period (month),LOW,3.11,1.3,1.98,Mean Reversion,27,93,1.81,55.6,1,associated with
1.71,W1,window,Experiment window,MODERATE,2.25,1.26,1.5,Mean Reversion,54,66,0.99,61.1,1,associated with
1.71,W2,window,Experiment window,MODERATE,1.26,2.22,1.23,Mean Reversion,64,56,-0.96,60.9,1,associated with
1.71,-0.5%..0.5%,gap_band,Opening gap,MODERATE,1.92,1.43,1.48,Mean Reversion,68,52,0.49,63.2,3,associated with
1.71,0-2d,holding_band,Holding period,MODERATE,1.67,1.84,1.38,Mean Reversion,94,26,-0.17,57.4,3,associated with
1.71,Bearish,market_regime,Market regime,LOW,1.66,1.72,1.33,Mean Reversion,22,98,-0.06,68.2,2,associated with
-5.89,Stop-Loss Hit,exit_reason,Exit reason,VERY LOW,-33.2,13.33,0.0,Trend Rider,19,27,-46.53,0.0,3,associated with
-5.89,Time Exit,exit_reason,Exit reason,VERY LOW,23.6,-17.51,6.93,Trend Rider,13,33,41.11,76.9,3,associated with
-5.89,2024-07,month,Time period (month),INSUFFICIENT,23.34,-10.27,3.84,Trend Rider,6,40,33.61,66.7,1,associated with
-5.89,2024-10,month,Time period (month),VERY LOW,-25.92,0.41,0.12,Trend Rider,11,35,-26.33,9.1,1,associated with
-5.89,Neutral-Bullish,market_regime,Market regime,VERY LOW,-23.29,2.53,0.04,Trend Rider,15,31,-25.82,13.3,3,associated with
-5.89,0-2d,holding_band,Holding period,VERY LOW,-25.43,-0.46,0.0,Trend Rider,10,36,-24.97,0.0,3,associated with
-5.89,Bullish,market_regime,Market regime,VERY LOW,9.27,-13.22,1.72,Trend Rider,15,31,22.49,46.7,2,associated with
-5.89,65-74,confidence_band,Confidence band,INSUFFICIENT,-22.62,-2.89,0.23,Trend Rider,7,39,-19.73,14.3,3,associated with
-5.89,W3,window,Experiment window,VERY LOW,-17.26,2.11,0.26,Trend Rider,19,27,-19.37,21.1,1,associated with
-5.89,55-64,confidence_band,Confidence band,LOW,3.81,-14.78,1.24,Trend Rider,22,24,18.59,40.9,3,associated with
-5.89,COALINDIA,symbol,Stock,INSUFFICIENT,9.49,-8.65,1.83,Trend Rider,7,39,18.14,42.9,2,associated with
-5.89,11-20d,holding_band,Holding period,LOW,3.17,-14.19,1.22,Trend Rider,22,24,17.36,54.5,3,associated with
-5.89,2024-12,month,Time period (month),INSUFFICIENT,-18.89,-4.3,0.02,Trend Rider,5,41,-14.59,20.0,1,associated with
-5.89,W1,window,Experiment window,VERY LOW,4.01,-9.79,1.23,Trend Rider,13,33,13.8,38.5,1,associated with
-5.89,Signal Exit,exit_reason,Exit reason,INSUFFICIENT,-16.14,-3.39,0.16,Trend Rider,9,37,-12.75,22.2,3,associated with
-5.89,Bearish,market_regime,Market regime,VERY LOW,2.47,-8.84,1.14,Trend Rider,12,34,11.31,41.7,3,associated with
-5.89,W2,window,Experiment window,VERY LOW,0.35,-8.62,1.02,Trend Rider,14,32,8.97,42.9,1,associated with
-5.89,0.5%..2%,gap_band,Opening gap,VERY LOW,0.69,-7.95,1.04,Trend Rider,11,35,8.64,27.3,3,associated with
-5.89,<55,confidence_band,Confidence band,VERY LOW,-11.49,-3.44,0.39,Trend Rider,14,32,-8.05,28.6,2,associated with
-5.89,FINANCE,sector,Sector,INSUFFICIENT,-12.23,-4.35,0.49,Trend Rider,9,37,-7.88,33.3,2,associated with
-5.89,SHRIRAMFIN,symbol,Stock,INSUFFICIENT,-12.23,-4.35,0.49,Trend Rider,9,37,-7.88,33.3,2,associated with
-5.89,ONGC,symbol,Stock,VERY LOW,-11.15,-3.59,0.42,Trend Rider,14,32,-7.56,21.4,2,associated with
-5.89,6-10d,holding_band,Holding period,VERY LOW,-0.23,-7.46,0.99,Trend Rider,10,36,7.23,30.0,3,associated with
-5.89,-0.5%..0.5%,gap_band,Opening gap,LOW,-3.87,-8.51,0.79,Trend Rider,26,20,4.64,38.5,3,associated with
-5.89,ENERGY,sector,Sector,LOW,-4.8,-7.74,0.72,Trend Rider,29,17,2.94,31.0,3,associated with
-5.89,POWERGRID,symbol,Stock,INSUFFICIENT,-6.2,-5.82,0.65,Trend Rider,8,38,-0.38,37.5,2,associated with

## table: confidence_analysis,rows: 12
confidence_band,evidence,expectancy_rs,net_pnl,profit_factor,strategy,trades,win_rate,windows
55-64,INSUFFICIENT,2.62,2.62,,EMA Cross,1,100.0,1
55-64,LOW,-15.31,-336.75,0.12,MACD Cross,22,18.2,3
65-74,MODERATE,-3.93,-168.92,0.77,MACD Cross,43,27.9,3
75-84,INSUFFICIENT,-31.82,-31.82,0.0,MACD Cross,1,0.0,1
<55,INSUFFICIENT,-14.29,-42.87,0.0,MACD Cross,3,0.0,2
55-64,INSUFFICIENT,18.59,130.14,8.93,Mean Reversion,7,85.7,2
75-84,STRONG,0.61,67.67,1.12,Mean Reversion,111,59.5,2
<55,INSUFFICIENT,3.65,7.3,1.62,Mean Reversion,2,50.0,2
55-64,LOW,3.81,83.87,1.24,Trend Rider,22,40.9,3
65-74,INSUFFICIENT,-22.62,-158.33,0.23,Trend Rider,7,14.3,3
75-84,INSUFFICIENT,-11.83,-35.5,0.2,Trend Rider,3,33.3,2
<55,VERY LOW,-11.49,-160.89,0.39,Trend Rider,14,28.6,2

## table: holding_period_analysis,rows: 12
evidence,expectancy_rs,holding_band,net_pnl,profit_factor,strategy,trades,win_rate,windows
INSUFFICIENT,2.62,0-2d,2.62,,EMA Cross,1,100.0,1
VERY LOW,-12.27,0-2d,-184.05,0.13,MACD Cross,15,20.0,2
VERY LOW,13.23,11-20d,251.43,1.96,MACD Cross,19,36.8,4
VERY LOW,-22.34,3-5d,-357.38,0.15,MACD Cross,16,18.8,3
VERY LOW,-15.28,6-10d,-290.36,0.06,MACD Cross,19,15.8,3
MODERATE,1.67,0-2d,157.34,1.38,Mean Reversion,94,57.4,3
VERY LOW,-6.62,3-5d,-105.85,0.46,Mean Reversion,16,56.2,1
VERY LOW,15.36,6-10d,153.62,,Mean Reversion,10,100.0,3
VERY LOW,-25.43,0-2d,-254.28,0.0,Trend Rider,10,0.0,3
LOW,3.17,11-20d,69.64,1.22,Trend Rider,22,54.5,3
INSUFFICIENT,-20.98,3-5d,-83.94,0.0,Trend Rider,4,0.0,2
VERY LOW,-0.23,6-10d,-2.27,0.99,Trend Rider,10,30.0,3

## table: exit_reason_analysis,rows: 14
evidence,exit_reason,expectancy_rs,net_pnl,profit_factor,strategy,trades,win_rate,windows
INSUFFICIENT,End-of-Test Forced Close,2.62,2.62,,EMA Cross,1,100.0,1
INSUFFICIENT,End-of-Test Forced Close,12.18,109.62,,MACD Cross,9,100.0,2
MODERATE,Signal Exit,-16.7,-584.59,0.03,MACD Cross,35,2.9,4
VERY LOW,Stop-Loss Hit,-31.59,-600.12,0.0,MACD Cross,19,0.0,3
INSUFFICIENT,Target Hit,82.45,494.73,,MACD Cross,6,100.0,1
INSUFFICIENT,End-of-Test Forced Close,10.02,90.16,,Mean Reversion,9,100.0,2
MODERATE,Signal Exit,3.21,292.51,2.22,Mean Reversion,91,63.7,3
VERY LOW,Stop-Loss Hit,-26.14,-366.02,0.0,Mean Reversion,14,0.0,3
INSUFFICIENT,Target Hit,31.41,188.46,,Mean Reversion,6,100.0,1
INSUFFICIENT,End-of-Test Forced Close,28.8,115.18,14.58,Trend Rider,4,50.0,3
INSUFFICIENT,Signal Exit,-16.14,-145.25,0.16,Trend Rider,9,22.2,3
VERY LOW,Stop-Loss Hit,-33.2,-630.76,0.0,Trend Rider,19,0.0,3
INSUFFICIENT,Target Hit,83.14,83.14,,Trend Rider,1,100.0,1
VERY LOW,Time Exit,23.6,306.84,6.93,Trend Rider,13,76.9,3

## table: cost_sensitivity,rows: 4
cost_sensitive,gross_pnl,net_pnl,net_under_cost_stress_150pct,strategy,total_costs
False,4.12,2.62,1.87,EMA Cross,1.5
False,-391.07,-580.36,-674.98,MACD Cross,189.27
False,615.23,205.11,0.05,Mean Reversion,410.12
False,-161.97,-270.85,-325.24,Trend Rider,108.85

## table: concentration_risk,rows: 12
dimension,share_of_winning_pnl_pct,strategy,top_value
symbol,100.0,EMA Cross,TATASTEEL
sector,100.0,EMA Cross,METALS
market_regime,100.0,EMA Cross,Neutral-Bearish
symbol,59.3,MACD Cross,NTPC
sector,59.3,MACD Cross,ENERGY
market_regime,59.3,MACD Cross,Neutral-Bullish
symbol,79.6,Mean Reversion,HCLTECH
sector,79.6,Mean Reversion,IT
market_regime,56.5,Mean Reversion,Neutral-Bullish
symbol,24.7,Trend Rider,COALINDIA
sector,59.1,Trend Rider,ENERGY
market_regime,56.2,Trend Rider,Bullish

## table: robustness_checks,rows: 35
check,detail,passed,strategy
Minimum 30 OOS trades,1 trades,False,EMA Cross
Minimum 2 test windows,1 windows,False,EMA Cross
Positive expectancy in >1 window,1/1 windows positive,False,EMA Cross
Acceptable drawdown,peak-to-trough ₹0.0 on P&L curve,True,EMA Cross
No severe stock concentration,top stock = 100.0% of winning P&L,False,EMA Cross
No severe sector concentration,top sector = 100.0% of winning P&L,False,EMA Cross
No single-month dependence,top month = 100.0% of winning P&L,False,EMA Cross
Survives cost & slippage stress (+50% costs),net under stress ₹1.87,True,EMA Cross
Minimum 30 OOS trades,69 trades,True,MACD Cross
Minimum 2 test windows,4 windows,True,MACD Cross
Positive expectancy in >1 window,1/4 windows positive,False,MACD Cross
Acceptable drawdown,peak-to-trough ₹708.06 on P&L curve,False,MACD Cross
No severe stock concentration,top stock = 59.3% of winning P&L,True,MACD Cross
No severe sector concentration,top sector = 59.3% of winning P&L,True,MACD Cross
No single-month dependence,top month = 79.4% of winning P&L,False,MACD Cross
No top-5-trade dependence,net ₹-580.36 vs ₹-1012.58 without top 5 trades,True,MACD Cross
Survives cost & slippage stress (+50% costs),net under stress ₹-674.98,False,MACD Cross
Minimum 30 OOS trades,120 trades,True,Mean Reversion
Minimum 2 test windows,3 windows,True,Mean Reversion
Positive expectancy in >1 window,3/3 windows positive,True,Mean Reversion
Acceptable drawdown,peak-to-trough ₹77.36 on P&L curve,True,Mean Reversion
No severe stock concentration,top stock = 79.6% of winning P&L,False,Mean Reversion
No severe sector concentration,top sector = 79.6% of winning P&L,False,Mean Reversion
No single-month dependence,top month = 33.1% of winning P&L,True,Mean Reversion
No top-5-trade dependence,net ₹205.11 vs ₹29.98 without top 5 trades,True,Mean Reversion
Survives cost & slippage stress (+50% costs),net under stress ₹0.05,True,Mean Reversion
Minimum 30 OOS trades,46 trades,True,Trend Rider
Minimum 2 test windows,3 windows,True,Trend Rider
Positive expectancy in >1 window,2/3 windows positive,True,Trend Rider
Acceptable drawdown,peak-to-trough ₹338.85 on P&L curve,False,Trend Rider
No severe stock concentration,top stock = 24.7% of winning P&L,True,Trend Rider
No severe sector concentration,top sector = 59.1% of winning P&L,True,Trend Rider
No single-month dependence,top month = 31.9% of winning P&L,True,Trend Rider
No top-5-trade dependence,net ₹-270.85 vs ₹-628.08 without top 5 trades,True,Trend Rider
Survives cost & slippage stress (+50% costs),net under stress ₹-325.24,False,Trend Rider

## table: contradictions,rows: 1
detail,evidence,strategy,type
Positive overall but ₹-1.74/trade in the most recent observed regime (Bullish).,MODERATE,Mean Reversion,FAILS_IN_CURRENT_REGIME

## table: recommended_mutations,rows: 9
evidence,expectancy_with,expectancy_without,historical_uplift_rs,hypothesis,known_risk,mutation_parameter,mutation_value,sample_size,strategy,suggestion
MODERATE,-19.91,29.68,-49.59,"If 'Avoid entries when opening gap is -0.5%..0.5%', OOS expectancy should improve by roughly ₹-49.59/trade based on 53 historical trades.",Restricting conditions reduces trade count and may overfit to historical periods; association is not causation.,gap_filter,exclude -0.5%..0.5%,53,MACD Cross,Avoid entries when opening gap is -0.5%..0.5%
VERY LOW,-31.59,0.4,-31.99,"If 'Re-examine exits of type 'Stop-Loss Hit' (negative expectancy)', OOS expectancy should improve by roughly ₹-31.99/trade based on 19 historical trades.",Restricting conditions reduces trade count and may overfit to historical periods; association is not causation.,exit_rule_adjustment,review Stop-Loss Hit,19,MACD Cross,Re-examine exits of type 'Stop-Loss Hit' (negative expectancy)
VERY LOW,13.23,-16.64,29.87,"If 'Target holding period 11-20d', OOS expectancy should improve by roughly ₹29.87/trade based on 19 historical trades.",Restricting conditions reduces trade count and may overfit to historical periods; association is not causation.,holding_period,11-20d,19,MACD Cross,Target holding period 11-20d
VERY LOW,-26.14,5.39,-31.53,"If 'Re-examine exits of type 'Stop-Loss Hit' (negative expectancy)', OOS expectancy should improve by roughly ₹-31.53/trade based on 14 historical trades.",Restricting conditions reduces trade count and may overfit to historical periods; association is not causation.,exit_rule_adjustment,review Stop-Loss Hit,14,Mean Reversion,Re-examine exits of type 'Stop-Loss Hit' (negative expectancy)
VERY LOW,-16.04,4.44,-20.48,"If 'Avoid entries when opening gap is -2%..-0.5%', OOS expectancy should improve by roughly ₹-20.48/trade based on 16 historical trades.",Restricting conditions reduces trade count and may overfit to historical periods; association is not causation.,gap_filter,exclude -2%..-0.5%,16,Mean Reversion,Avoid entries when opening gap is -2%..-0.5%
VERY LOW,15.36,0.47,14.89,"If 'Target holding period 6-10d', OOS expectancy should improve by roughly ₹14.89/trade based on 10 historical trades.",Restricting conditions reduces trade count and may overfit to historical periods; association is not causation.,holding_period,6-10d,10,Mean Reversion,Target holding period 6-10d
VERY LOW,-33.2,13.33,-46.53,"If 'Re-examine exits of type 'Stop-Loss Hit' (negative expectancy)', OOS expectancy should improve by roughly ₹-46.53/trade based on 19 historical trades.",Restricting conditions reduces trade count and may overfit to historical periods; association is not causation.,exit_rule_adjustment,review Stop-Loss Hit,19,Trend Rider,Re-examine exits of type 'Stop-Loss Hit' (negative expectancy)
VERY LOW,-23.29,2.53,-25.82,"If 'Avoid Neutral-Bullish regime', OOS expectancy should improve by roughly ₹-25.82/trade based on 15 historical trades.",Restricting conditions reduces trade count and may overfit to historical periods; association is not causation.,regime_restriction,exclude Neutral-Bullish,15,Trend Rider,Avoid Neutral-Bullish regime
VERY LOW,9.27,-13.22,22.49,"If 'Restrict to Bullish regime', OOS expectancy should improve by roughly ₹22.49/trade based on 15 historical trades.",Restricting conditions reduces trade count and may overfit to historical periods; association is not causation.,regime_restriction,only Bullish,15,Trend Rider,Restrict to Bullish regime

## table: parent_child_comparison,rows: 1
ab_test_id,child,child_pf,confidence,controlled,identical_test_period,parent,parent_pf,winner
6e756c53bb31,Trend Rider — confidence_threshold=60,0.86,LOW,False,False,Trend Rider,0.52,candidate

## table: evidence_summary,rows: 4
evidence,oos_trades,strategy,windows
STRONG,120,Mean Reversion,3
INSUFFICIENT,1,EMA Cross,1
MODERATE,46,Trend Rider,3
MODERATE,69,MACD Cross,4
